CaseID,Prefix length,Groud truth,Predicted,Levenshtein,Damerau,Jaccard,Ground truth times,Predicted times,RMSE,MAE
117,2,b'[10]',b'11',0.0,0,0.0,1351,1569.6104171456934,,218.61041714569342,218.61041714569342
118,2,b'[10]',b'7',0.0,0,0.0,449,2018.7404704910982,,1569.7404704910982,1569.7404704910982
119,2,b'[10]',b'11',0.0,0,0.0,1554,1624.760971126809,,70.76097112680895,70.76097112680895
120,2,b'[10]',b'11',0.0,0,0.0,5958,1639.4748935169553,,4318.5251064830445,4318.5251064830445
121,2,b'[10]',b'7',0.0,0,0.0,6559,1728.6691035386,,4830.3308964614,4830.3308964614
122,2,b'[10]',b'11',0.0,0,0.0,1179,1656.8625060855666,,477.86250608556657,477.86250608556657
123,2,b'[10]',b'7',0.0,0,0.0,4048,1755.8417941081998,,2292.1582058918,2292.1582058918
124,2,b'[10]',b'7',0.0,0,0.0,6304,1747.4183233333272,,4556.581676666673,4556.581676666673
125,2,b'[10]',b'10',0.0,0.0,0.0,3312,2109.374111597635,,1202.625888402365,1202.625888402365
126,2,b'[10]',b'7',0.0,0,0.0,13292,1800.5782249267993,,11491.4217750732,11491.4217750732
127,2,b'[10]',b'10',0.0,0.0,0.0,338,2749.46777865148,,2411.46777865148,2411.46777865148
128,2,b'[10]',b'7',0.0,0,0.0,1671,1734.6039485264514,,63.603948526451404,63.603948526451404
129,2,b'[10]',b'7',0.0,0,0.0,6936,1718.201608351724,,5217.798391648276,5217.798391648276
130,2,b'[10]',b'7',0.0,0,0.0,685,1724.8768350263376,,1039.8768350263376,1039.8768350263376
131,2,b'[10]',b'11',0.0,0,0.0,8364,1582.4285155821758,,6781.571484417824,6781.571484417824
132,2,b'[10]',b'10',0.0,0.0,0.0,283,3780.4703159750943,,3497.4703159750943,3497.4703159750943
133,2,b'[10]',b'11',0.0,0,0.0,2524,1613.6868966770314,,910.3131033229686,910.3131033229686
134,2,b'[10]',b'7',0.0,0,0.0,10301,1674.5876036175152,,8626.412396382484,8626.412396382484
135,2,b'[10]',b'11',0.0,0,0.0,4624,1641.5705522595022,,2982.429447740498,2982.429447740498
136,2,b'[10]',b'7',0.0,0,0.0,1050,1707.6664672269962,,657.6664672269962,657.6664672269962
137,2,b'[10]',b'7',0.0,0,0.0,1519,1953.7884545387255,,434.78845453872555,434.78845453872555
138,2,b'[10]',b'7',0.0,0,0.0,146,1793.8522327685503,,1647.8522327685503,1647.8522327685503
139,2,b'[10]',b'10',0.0,0.0,0.0,662,3712.186148008838,,3050.186148008838,3050.186148008838
140,2,b'[10]',b'7',0.0,0,0.0,6418,1762.7203309593292,,4655.27966904067,4655.27966904067
141,2,b'[10]',b'7',0.0,0,0.0,77,1687.2681760005303,,1610.2681760005303,1610.2681760005303
142,2,b'[10]',b'11',0.0,0,0.0,2152,1640.4661237182097,,511.5338762817903,511.5338762817903
143,2,b'[10]',b'11',0.0,0,0.0,3251,1596.4293629026745,,1654.5706370973255,1654.5706370973255
144,2,b'[10]',b'7',0.0,0,0.0,572,1670.1809362201777,,1098.1809362201777,1098.1809362201777
145,2,b'[10]',b'7',0.0,0,0.0,454,2045.2568092820563,,1591.2568092820563,1591.2568092820563
146,2,b'[10]',b'7',0.0,0,0.0,3628,1930.6482065910081,,1697.3517934089919,1697.3517934089919
147,2,b'[10]',b'7',0.0,0,0.0,3064,2042.0325184057745,,1021.9674815942255,1021.9674815942255
148,2,b'[10]',b'7',0.0,0,0.0,5013,1839.6343829016462,,3173.365617098354,3173.365617098354
149,2,b'[10]',b'7',0.0,0,0.0,32504,1708.6773085441785,,30795.32269145582,30795.32269145582
150,2,b'[10]',b'11',0.0,0,0.0,3524,1601.2839829416757,,1922.7160170583243,1922.7160170583243
151,2,b'[10]',b'11',0.0,0,0.0,3032,1630.6163786830546,,1401.3836213169454,1401.3836213169454
152,2,b'[10]',b'11',0.0,0,0.0,1127,1569.7673060731147,,442.7673060731147,442.7673060731147
153,2,b'[10]',b'7',0.0,0,0.0,3797,1671.4470944073798,,2125.55290559262,2125.55290559262
154,2,b'[10]',b'7',0.0,0,0.0,4514,1847.7271953674604,,2666.2728046325396,2666.2728046325396
155,2,b'[10]',b'11',0.0,0,0.0,1534,1643.2037362049198,,109.20373620491978,109.20373620491978
156,2,b'[10]',b'7',0.0,0,0.0,3914,1790.5197083917058,,2123.4802916082945,2123.4802916082945
157,2,b'[10]',b'7',0.0,0,0.0,368,1695.7412951701565,,1327.7412951701565,1327.7412951701565
158,2,b'[10]',b'7',0.0,0,0.0,555,1705.8278630482857,,1150.8278630482857,1150.8278630482857
159,2,b'[10]',b'10',0.0,0.0,0.0,3528,2350.505690510712,,1177.4943094892878,1177.4943094892878
160,2,b'[10]',b'11',0.0,0,0.0,3592,1640.1744393990325,,1951.8255606009675,1951.8255606009675
161,2,b'[10]',b'11',0.0,0,0.0,1592,1632.9802628782577,,40.98026287825769,40.98026287825769
162,2,b'[10]',b'7',0.0,0,0.0,2583,2037.3850562938824,,545.6149437061176,545.6149437061176
163,2,b'[10]',b'10',0.0,0.0,0.0,1085,2732.569947497112,,1647.569947497112,1647.569947497112
164,2,b'[10]',b'10',0.0,0.0,0.0,46691,2097.0511317778323,,44593.94886822217,44593.94886822217
165,2,b'[10]',b'7',0.0,0,0.0,3849,1797.2733795300298,,2051.72662046997,2051.72662046997
166,2,b'[10]',b'11',0.0,0,0.0,5966,1568.5149253154566,,4397.485074684543,4397.485074684543
167,2,b'[10]',b'7',0.0,0,0.0,5570,1802.4579131521684,,3767.5420868478313,3767.5420868478313
168,2,b'[10]',b'11',0.0,0,0.0,2824,1592.1069736554311,,1231.8930263445689,1231.8930263445689
169,2,b'[10]',b'11',0.0,0,0.0,933,1614.5342706544875,,681.5342706544875,681.5342706544875
170,2,b'[10]',b'11',0.0,0,0.0,2021,1559.8031214880527,,461.19687851194726,461.19687851194726
171,2,b'[10]',b'7',0.0,0,0.0,4541,1727.814034059957,,2813.185965940043,2813.185965940043
172,2,b'[10]',b'11',0.0,0,0.0,3583,1580.452385349998,,2002.547614650002,2002.547614650002
173,2,b'[10]',b'7',0.0,0,0.0,4955,1745.9967656705464,,3209.0032343294533,3209.0032343294533
174,2,b'[10]',b'11',0.0,0,0.0,2810,1618.8336975191573,,1191.1663024808427,1191.1663024808427
117,3,b'[1]',b'7',0.0,0,0.0,14785,6507.326726203969,,8277.67327379603,8277.67327379603
118,3,b'[1]',b'7',0.0,0,0.0,64725,5373.2958260235955,,59351.7041739764,59351.7041739764
119,3,b'[1]',b'7',0.0,0,0.0,54457,6485.975434040209,,47971.02456595979,47971.02456595979
120,3,b'[1]',b'7',0.0,0,0.0,13916,5167.983329747435,,8748.016670252564,8748.016670252564
121,3,b'[1]',b'7',0.0,0,0.0,15533,4783.330405458585,,10749.669594541414,10749.669594541414
122,3,b'[1]',b'7',0.0,0,0.0,18255,6506.3238286299475,,11748.676171370053,11748.676171370053
123,3,b'[1]',b'7',0.0,0,0.0,12827,5155.090634597836,,7671.909365402164,7671.909365402164
124,3,b'[1]',b'7',0.0,0,0.0,10336,4763.704891496458,,5572.295108503542,5572.295108503542
125,3,b'[1]',b'7',0.0,0,0.0,20346,4626.156992735458,,15719.843007264542,15719.843007264542
126,3,b'[1]',b'7',0.0,0,0.0,2728,4525.967028606759,,1797.9670286067594,1797.9670286067594
127,3,b'[1]',b'7',0.0,0,0.0,60826,4583.0462986030625,,56242.95370139694,56242.95370139694
128,3,b'[1]',b'7',0.0,0,0.0,17798,5984.517710318388,,11813.482289681611,11813.482289681611
129,3,b'[1]',b'7',0.0,0,0.0,19713,4769.629930926346,,14943.370069073655,14943.370069073655
130,3,b'[1]',b'7',0.0,0,0.0,10461,6373.762118154045,,4087.2378818459547,4087.2378818459547
131,3,b'[1]',b'7',0.0,0,0.0,19621,5050.548492185041,,14570.45150781496,14570.45150781496
132,3,b'[1]',b'4',0.0,0,0.0,17009,4041.413093846677,,12967.586906153323,12967.586906153323
133,3,b'[1]',b'7',0.0,0,0.0,5282,6235.323527191166,,953.3235271911662,953.3235271911662
134,3,b'[1]',b'7',0.0,0,0.0,1261,4730.827724490663,,3469.827724490663,3469.827724490663
135,3,b'[1]',b'7',0.0,0,0.0,62453,5464.207498140752,,56988.79250185925,56988.79250185925
136,3,b'[1]',b'7',0.0,0,0.0,61626,6338.137905466537,,55287.86209453346,55287.86209453346
137,3,b'[1]',b'7',0.0,0,0.0,55214,5244.7804597201075,,49969.21954027989,49969.21954027989
138,3,b'[1]',b'7',0.0,0,0.0,2968,6212.697264250135,,3244.697264250135,3244.697264250135
139,3,b'[1]',b'4',0.0,0,0.0,19539,4039.153595401443,,15499.846404598557,15499.846404598557
140,3,b'[1]',b'7',0.0,0,0.0,10065,4709.931211622845,,5355.068788377155,5355.068788377155
141,3,b'[1]',b'7',0.0,0,0.0,22285,6685.288418294352,,15599.711581705647,15599.711581705647
142,3,b'[1]',b'7',0.0,0,0.0,8701,6266.7286192925185,,2434.2713807074815,2434.2713807074815
143,3,b'[1]',b'7',0.0,0,0.0,18472,6056.745202037944,,12415.254797962056,12415.254797962056
144,3,b'[1]',b'7',0.0,0,0.0,10348,6622.4097193068865,,3725.5902806931135,3725.5902806931135
145,3,b'[1]',b'7',0.0,0,0.0,12,5316.846594156715,,5304.846594156715,5304.846594156715
146,3,b'[1]',b'7',0.0,0,0.0,14588,4810.63553312119,,9777.364466878811,9777.364466878811
147,3,b'[1]',b'7',0.0,0,0.0,11956,4749.479633431673,,7206.520366568327,7206.520366568327
148,3,b'[1]',b'7',0.0,0,0.0,25960,4734.406877268446,,21225.593122731552,21225.593122731552
149,3,b'[1]',b'7',0.0,0,0.0,29780,5970.263159700698,,23809.7368402993,23809.7368402993
150,3,b'[1]',b'7',0.0,0,0.0,18836,5956.041377023546,,12879.958622976454,12879.958622976454
151,3,b'[1]',b'7',0.0,0,0.0,8106,6009.917829074299,,2096.0821709257007,2096.0821709257007
152,3,b'[1]',b'7',0.0,0,0.0,12742,6533.019274004979,,6208.980725995021,6208.980725995021
153,3,b'[1]',b'7',0.0,0,0.0,12959,5573.618658627026,,7385.381341372974,7385.381341372974
154,3,b'[1]',b'7',0.0,0,0.0,22156,4803.313884346885,,17352.686115653116,17352.686115653116
155,3,b'[1]',b'7',0.0,0,0.0,7433,6447.64588032258,,985.3541196774204,985.3541196774204
156,3,b'[1]',b'7',0.0,0,0.0,8185,5073.747201117581,,3111.2527988824186,3111.2527988824186
157,3,b'[1]',b'7',0.0,0,0.0,9714,6591.199745396916,,3122.800254603084,3122.800254603084
158,3,b'[1]',b'7',0.0,0,0.0,16331,6500.5318468979995,,9830.468153102,9830.468153102
159,3,b'[1]',b'7',0.0,0,0.0,20137,4404.696356065707,,15732.303643934294,15732.303643934294
160,3,b'[1]',b'7',0.0,0,0.0,8069,5781.395204734806,,2287.6047952651943,2287.6047952651943
161,3,b'[1]',b'7',0.0,0,0.0,19693,6458.650447019702,,13234.349552980297,13234.349552980297
162,3,b'[1]',b'7',0.0,0,0.0,14013,4849.464053206092,,9163.535946793909,9163.535946793909
163,3,b'[1]',b'7',0.0,0,0.0,26966,4501.089707447602,,22464.9102925524,22464.9102925524
164,3,b'[1]',b'7',0.0,0,0.0,17666,5739.6006895473265,,11926.399310452674,11926.399310452674
165,3,b'[1]',b'7',0.0,0,0.0,18832,5068.536602088197,,13763.463397911804,13763.463397911804
166,3,b'[1]',b'7',0.0,0,0.0,8826,5407.366043955319,,3418.6339560446813,3418.6339560446813
167,3,b'[1]',b'7',0.0,0,0.0,17799,4728.7886649181355,,13070.211335081865,13070.211335081865
168,3,b'[1]',b'7',0.0,0,0.0,9385,6196.616149189463,,3188.3838508105373,3188.3838508105373
169,3,b'[1]',b'7',0.0,0,0.0,10837,6624.823624259804,,4212.176375740196,4212.176375740196
170,3,b'[1]',b'7',0.0,0,0.0,4138,6389.141204912902,,2251.141204912902,2251.141204912902
171,3,b'[1]',b'7',0.0,0,0.0,809,5137.912786497058,,4328.912786497058,4328.912786497058
172,3,b'[1]',b'7',0.0,0,0.0,8326,5996.671637354055,,2329.328362645945,2329.328362645945
173,3,b'[1]',b'7',0.0,0,0.0,18784,4987.321261466407,,13796.678738533592,13796.678738533592
174,3,b'[1]',b'7',0.0,0,0.0,5660,6128.093420686416,,468.0934206864158,468.0934206864158
117,4,b'[9]',b'12',0.0,0,0.0,308,3230.4254319375896,,2922.4254319375896,2922.4254319375896
118,4,b'[9]',b'12',0.0,0,0.0,2902,4494.258088329515,,1592.258088329515,1592.258088329515
119,4,b'[9]',b'12',0.0,0,0.0,765,4503.426160904704,,3738.4261609047044,3738.4261609047044
120,4,b'[9]',b'12',0.0,0,0.0,1544,3212.2933416896485,,1668.2933416896485,1668.2933416896485
121,4,b'[9]',b'12',0.0,0,0.0,1002,3327.332147721236,,2325.332147721236,2325.332147721236
122,4,b'[9]',b'12',0.0,0,0.0,1463,3468.5550206618936,,2005.5550206618936,2005.5550206618936
123,4,b'[9]',b'12',0.0,0,0.0,632,3158.302946572937,,2526.302946572937,2526.302946572937
124,4,b'[9]',b'12',0.0,0,0.0,7214,3098.695332073809,,4115.3046679261915,4115.3046679261915
125,4,b'[9]',b'12',0.0,0,0.0,512,3685.873491757356,,3173.873491757356,3173.873491757356
126,4,b'[9]',b'15',0.0,0,0.0,12943,3320.910624343813,,9622.089375656187,9622.089375656187
127,4,b'[9]',b'12',0.0,0,0.0,1039,4811.531190162544,,3772.5311901625437,3772.5311901625437
128,4,b'[9]',b'12',0.0,0,0.0,401,3445.1398447282286,,3044.1398447282286,3044.1398447282286
129,4,b'[9]',b'12',0.0,0,0.0,46467,3558.396273388164,,42908.60372661184,42908.60372661184
130,4,b'[9]',b'12',0.0,0,0.0,293,2976.2638800634195,,2683.2638800634195,2683.2638800634195
131,4,b'[9]',b'12',0.0,0,0.0,46903,3540.872375975954,,43362.12762402405,43362.12762402405
132,4,b'[9]',b'12',0.0,0,0.0,578,4636.396477669427,,4058.3964776694274,4058.3964776694274
133,4,b'[9]',b'12',0.0,0,0.0,143,2887.4265178790656,,2744.4265178790656,2744.4265178790656
134,4,b'[9]',b'15',0.0,0,0.0,622,3310.267001476549,,2688.267001476549,2688.267001476549
135,4,b'[9]',b'12',0.0,0,0.0,8851,4572.286498492075,,4278.713501507925,4278.713501507925
136,4,b'[9]',b'12',0.0,0,0.0,83850,4389.8713453923,,79460.1286546077,79460.1286546077
137,4,b'[9]',b'12',0.0,0,0.0,1035,4756.796317366503,,3721.796317366503,3721.796317366503
138,4,b'[9]',b'12',0.0,0,0.0,286,2907.5281599468794,,2621.5281599468794,2621.5281599468794
139,4,b'[9]',b'12',0.0,0,0.0,640,4790.062727787165,,4150.062727787165,4150.062727787165
140,4,b'[9]',b'12',0.0,0,0.0,1770,3097.2257395891043,,1327.2257395891043,1327.2257395891043
141,4,b'[9]',b'12',0.0,0,0.0,441,3818.637519441879,,3377.637519441879,3377.637519441879
142,4,b'[9]',b'12',0.0,0,0.0,233,2904.1282378741566,,2671.1282378741566,2671.1282378741566
143,4,b'[9]',b'12',0.0,0,0.0,58200,3438.7751687627983,,54761.2248312372,54761.2248312372
144,4,b'[9]',b'12',0.0,0,0.0,329979,2956.1200368600653,,327022.87996313995,327022.87996313995
145,4,b'[9]',b'15',0.0,0,0.0,3612,3093.7587921834643,,518.2412078165357,518.2412078165357
146,4,b'[9]',b'12',0.0,0,0.0,1341,3291.1111613287903,,1950.1111613287903,1950.1111613287903
147,4,b'[9]',b'12',0.0,0,0.0,89,3169.476566054195,,3080.476566054195,3080.476566054195
148,4,b'[9]',b'12',0.0,0,0.0,2836,3985.2078838400093,,1149.2078838400093,1149.2078838400093
149,4,b'[9]',b'12',0.0,0,0.0,5855,4704.280727815944,,1150.7192721840556,1150.7192721840556
150,4,b'[9]',b'12',0.0,0,0.0,409,3460.94615592394,,3051.94615592394,3051.94615592394
151,4,b'[9]',b'12',0.0,0,0.0,198,2910.5951895327794,,2712.5951895327794,2712.5951895327794
152,4,b'[9]',b'12',0.0,0,0.0,228,3102.041633880198,,2874.041633880198,2874.041633880198
153,4,b'[9]',b'12',0.0,0,0.0,1138,3135.2886814269064,,1997.2886814269064,1997.2886814269064
154,4,b'[9]',b'12',0.0,0,0.0,216,3735.9339681873516,,3519.9339681873516,3519.9339681873516
155,4,b'[9]',b'12',0.0,0,0.0,533,2853.4593203664567,,2320.4593203664567,2320.4593203664567
156,4,b'[9]',b'12',0.0,0,0.0,237,2987.634603671849,,2750.634603671849,2750.634603671849
157,4,b'[9]',b'12',0.0,0,0.0,328,2925.5626910991296,,2597.5626910991296,2597.5626910991296
158,4,b'[9]',b'12',0.0,0,0.0,392,3357.7196959721146,,2965.7196959721146,2965.7196959721146
159,4,b'[9]',b'12',0.0,0,0.0,1670,3722.501346744807,,2052.501346744807,2052.501346744807
160,4,b'[9]',b'12',0.0,0,0.0,17295,2928.4991454068277,,14366.500854593172,14366.500854593172
161,4,b'[9]',b'12',0.0,0,0.0,3817,3555.3813746167552,,261.61862538324476,261.61862538324476
162,4,b'[9]',b'12',0.0,0,0.0,2888,3276.5396057105995,,388.5396057105995,388.5396057105995
163,4,b'[9]',b'12',0.0,0,0.0,1535,4457.423944261863,,2922.4239442618627,2922.4239442618627
164,4,b'[9]',b'4',0.0,0,0.0,5683,4213.539610101676,,1469.4603898983241,1469.4603898983241
165,4,b'[9]',b'12',0.0,0,0.0,253,3512.335471639514,,3259.335471639514,3259.335471639514
166,4,b'[9]',b'12',0.0,0,0.0,2644,2997.3920026927626,,353.3920026927626,353.3920026927626
167,4,b'[9]',b'12',0.0,0,0.0,1010,3456.27151131592,,2446.27151131592,2446.27151131592
168,4,b'[9]',b'12',0.0,0,0.0,9225,2938.696925689205,,6286.303074310796,6286.303074310796
169,4,b'[9]',b'12',0.0,0,0.0,1175,2980.8707546126,,1805.8707546126002,1805.8707546126002
170,4,b'[9]',b'12',0.0,0,0.0,26,2914.1341271108117,,2888.1341271108117,2888.1341271108117
171,4,b'[9]',b'12',0.0,0,0.0,10317,3227.3015549396964,,7089.698445060303,7089.698445060303
172,4,b'[9]',b'12',0.0,0,0.0,1209,2925.7712143570943,,1716.7712143570943,1716.7712143570943
173,4,b'[9]',b'12',0.0,0,0.0,1804,3495.8432678702825,,1691.8432678702825,1691.8432678702825
174,4,b'[9]',b'12',0.0,0,0.0,1344,2891.102236784644,,1547.102236784644,1547.102236784644
117,5,b'[13]',b'15',0.0,0,0.0,1628,1417.7749515844928,,210.22504841550722,210.22504841550722
118,5,b'[13]',b'15',0.0,0,0.0,6154,989.1553327772039,,5164.8446672227965,5164.8446672227965
119,5,b'[13]',b'15',0.0,0,0.0,3369,1194.7848961143598,,2174.21510388564,2174.21510388564
120,5,b'[13]',b'15',0.0,0,0.0,2292,1376.9058824752203,,915.0941175247797,915.0941175247797
121,5,b'[13]',b'15',0.0,0,0.0,5808,1358.073501619281,,4449.926498380719,4449.926498380719
122,5,b'[13]',b'15',0.0,0,0.0,807,1336.6242779968693,,529.6242779968693,529.6242779968693
123,5,b'[13]',b'15',0.0,0,0.0,3039,1320.3762202088385,,1718.6237797911615,1718.6237797911615
124,5,b'[13]',b'15',0.0,0,0.0,3201,1068.3283246203134,,2132.6716753796863,2132.6716753796863
125,5,b'[13]',b'15',0.0,0,0.0,4053,1239.554591357444,,2813.445408642556,2813.445408642556
126,5,b'[13]',b'15',0.0,0,0.0,52997,968.2326924416469,,52028.76730755835,52028.76730755835
127,5,b'[13]',b'15',0.0,0,0.0,1923,836.8918359927342,,1086.1081640072657,1086.1081640072657
128,5,b'[13]',b'15',0.0,0,0.0,1897,1345.5694292796147,,551.4305707203853,551.4305707203853
129,5,b'[13]',b'12',0.0,0,0.0,6839,3727.479591286745,,3111.520408713255,3111.520408713255
130,5,b'[13]',b'15',0.0,0,0.0,1414,1284.2748864477487,,129.7251135522513,129.7251135522513
131,5,b'[13]',b'12',0.0,0,0.0,9882,3859.928351664583,,6022.071648335417,6022.071648335417
132,5,b'[13]',b'15',0.0,0,0.0,6207,1162.4968073123155,,5044.5031926876845,5044.5031926876845
133,5,b'[13]',b'15',0.0,0,0.0,1156,1209.1744903657784,,53.17449036577841,53.17449036577841
134,5,b'[13]',b'15',0.0,0,0.0,28,1086.2140347092898,,1058.2140347092898,1058.2140347092898
135,5,b'[13]',b'15',0.0,0,0.0,5172,1380.6517297383882,,3791.348270261612,3791.348270261612
136,5,b'[13]',b'15',0.0,0,0.0,2500,4058.3193652281525,,1558.3193652281525,1558.3193652281525
137,5,b'[13]',b'15',0.0,0,0.0,1972,1050.0919727433904,,921.9080272566096,921.9080272566096
138,5,b'[13]',b'15',0.0,0,0.0,66932,975.6894469101746,,65956.31055308983,65956.31055308983
139,5,b'[13]',b'15',0.0,0,0.0,55502,1150.8731251326165,,54351.12687486738,54351.12687486738
140,5,b'[13]',b'15',0.0,0,0.0,1434,1260.8778321781685,,173.12216782183145,173.12216782183145
141,5,b'[13]',b'15',0.0,0,0.0,2113,1356.5627009669306,,756.4372990330694,756.4372990330694
142,5,b'[13]',b'15',0.0,0,0.0,1100,1306.4057825301265,,206.40578253012654,206.40578253012654
143,5,b'[13]',b'12',0.0,0,0.0,6239,3963.4991232340235,,2275.5008767659765,2275.5008767659765
144,5,b'[13]',b'2',0.0,0,0.0,4696,2533.274091939159,,2162.725908060841,2162.725908060841
145,5,b'[13]',b'15',0.0,0,0.0,346,724.2879113608473,,378.28791136084726,378.28791136084726
146,5,b'[13]',b'15',0.0,0,0.0,3260,1244.2816150219287,,2015.7183849780713,2015.7183849780713
147,5,b'[13]',b'15',0.0,0,0.0,9152,1237.4172279633042,,7914.582772036696,7914.582772036696
148,5,b'[13]',b'15',0.0,0,0.0,5693,1231.5657922786386,,4461.434207721361,4461.434207721361
149,5,b'[13]',b'15',0.0,0,0.0,6345,1187.64707052163,,5157.35292947837,5157.35292947837
150,5,b'[13]',b'15',0.0,0,0.0,5577,1444.1552537738262,,4132.844746226174,4132.844746226174
151,5,b'[13]',b'15',0.0,0,0.0,1045,1311.1562650611322,,266.1562650611322,266.1562650611322
152,5,b'[13]',b'15',0.0,0,0.0,1803,1395.1777329543925,,407.82226704560753,407.82226704560753
153,5,b'[13]',b'15',0.0,0,0.0,12587,1342.6884570530538,,11244.311542946947,11244.311542946947
154,5,b'[13]',b'15',0.0,0,0.0,3638,1324.7394452607666,,2313.260554739233,2313.260554739233
155,5,b'[13]',b'15',0.0,0,0.0,1626,1248.064326218201,,377.9356737817991,377.9356737817991
156,5,b'[13]',b'15',0.0,0,0.0,1187,1249.8303196195845,,62.83031961958454,62.83031961958454
157,5,b'[13]',b'15',0.0,0,0.0,1003,1275.2895199652528,,272.2895199652528,272.2895199652528
158,5,b'[13]',b'15',0.0,0,0.0,2799,1343.813365557182,,1455.186634442818,1455.186634442818
159,5,b'[13]',b'15',0.0,0,0.0,51402,1159.3775227909375,,50242.622477209065,50242.622477209065
160,5,b'[13]',b'15',0.0,0,0.0,1315,1306.099576055484,,8.900423944515978,8.900423944515978
161,5,b'[13]',b'15',0.0,0,0.0,720,1252.051464679871,,532.0514646798711,532.0514646798711
162,5,b'[13]',b'15',0.0,0,0.0,2881,1148.017101224419,,1732.982898775581,1732.982898775581
163,5,b'[13]',b'15',0.0,0,0.0,4066,1083.1148577877868,,2982.8851422122134,2982.8851422122134
164,5,b'[13]',b'15',0.0,0,0.0,5275,1258.0827516745312,,4016.917248325469,4016.917248325469
165,5,b'[13]',b'15',0.0,0,0.0,2518,1340.416174146171,,1177.583825853829,1177.583825853829
166,5,b'[13]',b'15',0.0,0,0.0,1661,1310.333591160066,,350.6664088399341,350.6664088399341
167,5,b'[13]',b'15',0.0,0,0.0,3666,1323.765467876689,,2342.234532123311,2342.234532123311
168,5,b'[13]',b'15',0.0,0,0.0,447,1093.840648748368,,646.840648748368,646.840648748368
169,5,b'[13]',b'15',0.0,0,0.0,1441,1303.7296099319237,,137.27039006807627,137.27039006807627
170,5,b'[13]',b'15',0.0,0,0.0,2859,1154.8987411002206,,1704.1012588997794,1704.1012588997794
171,5,b'[13]',b'15',0.0,0,0.0,533,809.495541465263,,276.49554146526305,276.49554146526305
172,5,b'[13]',b'15',0.0,0,0.0,1867,1314.7006639625874,,552.2993360374126,552.2993360374126
173,5,b'[13]',b'15',0.0,0,0.0,6095,1317.5519712732832,,4777.448028726717,4777.448028726717
174,5,b'[13]',b'15',0.0,0,0.0,129,1187.3319273359318,,1058.3319273359318,1058.3319273359318
117,6,b'[15]',b'15',0.0,0.0,0.0,333,551.5101322876686,,218.51013228766863,218.51013228766863
118,6,b'[15]',b'15',0.0,0.0,0.0,609,344.88822166037636,,264.11177833962364,264.11177833962364
119,6,b'[15]',b'15',0.0,0.0,0.0,524,462.744822336201,,61.255177663798975,61.255177663798975
120,6,b'[15]',b'15',0.0,0.0,0.0,505,460.157085941153,,44.842914058846986,44.842914058846986
121,6,b'[15]',b'15',0.0,0.0,0.0,433,301.59041514025415,,131.40958485974585,131.40958485974585
122,6,b'[15]',b'15',0.0,0.0,0.0,604,573.8446488490295,,30.155351150970546,30.155351150970546
123,6,b'[15]',b'15',0.0,0.0,0.0,335,388.0071698383989,,53.00716983839891,53.00716983839891
124,6,b'[15]',b'15',0.0,0.0,0.0,282,502.1521185829423,,220.1521185829423,220.1521185829423
125,6,b'[15]',b'15',0.0,0.0,0.0,448,300.6216508376257,,147.37834916237432,147.37834916237432
126,6,b'[15]',b'1',0.0,0,0.0,3122,2522.8444536532825,,599.1555463467175,599.1555463467175
127,6,b'[15]',b'15',0.0,0.0,0.0,317,362.0836328807981,,45.08363288079812,45.08363288079812
128,6,b'[15]',b'15',0.0,0.0,0.0,327,465.0712219933651,,138.0712219933651,138.0712219933651
129,6,b'[15]',b'15',0.0,0.0,0.0,783,481.0899662581279,,301.9100337418721,301.9100337418721
130,6,b'[15]',b'15',0.0,0.0,0.0,1022,516.6632272805205,,505.33677271947954,505.33677271947954
131,6,b'[15]',b'15',0.0,0.0,0.0,557,654.8523350597627,,97.85233505976271,97.85233505976271
132,6,b'[15]',b'15',0.0,0.0,0.0,399,289.9054792535279,,109.09452074647209,109.09452074647209
133,6,b'[15]',b'3',0.0,0,0.0,1935,548.0889855261889,,1386.911014473811,1386.911014473811
134,6,b'[15]',b'15',0.0,0.0,0.0,8,511.3716393071946,,503.3716393071946,503.3716393071946
135,6,b'[15]',b'15',0.0,0.0,0.0,413,594.1861547239962,,181.1861547239962,181.1861547239962
136,6,b'[15]',b'3',0.0,0,0.0,443,401.6686703807571,,41.33132961924292,41.33132961924292
137,6,b'[15]',b'15',0.0,0.0,0.0,464,437.13444262850817,,26.865557371491832,26.865557371491832
138,6,b'[15]',b'2',0.0,0,0.0,73298,2307.1306186762545,,70990.86938132375,70990.86938132375
139,6,b'[15]',b'1',0.0,0,0.0,2991,2149.029773939131,,841.9702260608692,841.9702260608692
140,6,b'[15]',b'15',0.0,0.0,0.0,470,465.65527329714706,,4.344726702852938,4.344726702852938
141,6,b'[15]',b'15',0.0,0.0,0.0,417,489.87394643940473,,72.87394643940473,72.87394643940473
142,6,b'[15]',b'15',0.0,0.0,0.0,608,545.6914645435405,,62.30853545645948,62.30853545645948
143,6,b'[15]',b'15',0.0,0.0,0.0,712,588.219472703009,,123.78052729699095,123.78052729699095
144,6,b'[15]',b'2',0.0,0,0.0,148728,1940.347392869073,,146787.65260713093,146787.65260713093
145,6,b'[15]',b'15',0.0,0.0,0.0,7,535.9604412323399,,528.9604412323399,528.9604412323399
146,6,b'[15]',b'15',0.0,0.0,0.0,322,355.9139509857624,,33.913950985762426,33.913950985762426
147,6,b'[15]',b'15',0.0,0.0,0.0,293,231.97778025137978,,61.022219748620216,61.022219748620216
148,6,b'[15]',b'15',0.0,0.0,0.0,463,364.12647814342597,,98.87352185657403,98.87352185657403
149,6,b'[15]',b'15',0.0,0.0,0.0,378,484.20980932394696,,106.20980932394696,106.20980932394696
150,6,b'[15]',b'15',0.0,0.0,0.0,550,379.45262730137694,,170.54737269862306,170.54737269862306
151,6,b'[15]',b'15',0.0,0.0,0.0,445,541.5150415768726,,96.51504157687259,96.51504157687259
152,6,b'[15]',b'15',0.0,0.0,0.0,474,549.1633767886556,,75.16337678865557,75.16337678865557
153,6,b'[15]',b'15',0.0,0.0,0.0,773,357.9823651716884,,415.0176348283116,415.0176348283116
154,6,b'[15]',b'15',0.0,0.0,0.0,4,342.218006869544,,338.218006869544,338.218006869544
155,6,b'[15]',b'15',0.0,0.0,0.0,870,534.8850570019782,,335.1149429980218,335.1149429980218
156,6,b'[15]',b'15',0.0,0.0,0.0,388,474.6865024842965,,86.68650248429651,86.68650248429651
157,6,b'[15]',b'15',0.0,0.0,0.0,360,550.8353485424745,,190.83534854247455,190.83534854247455
158,6,b'[15]',b'15',0.0,0.0,0.0,326,449.99139093388516,,123.99139093388516,123.99139093388516
159,6,b'[15]',b'1',0.0,0,0.0,358,2040.1002028819667,,1682.1002028819667,1682.1002028819667
160,6,b'[15]',b'15',0.0,0.0,0.0,906,715.5507247916257,,190.44927520837427,190.44927520837427
161,6,b'[15]',b'15',0.0,0.0,0.0,483,646.3272091966322,,163.32720919663223,163.32720919663223
162,6,b'[15]',b'15',0.0,0.0,0.0,459,398.203646850414,,60.796353149586025,60.796353149586025
163,6,b'[15]',b'15',0.0,0.0,0.0,288,312.52975625876905,,24.529756258769055,24.529756258769055
164,6,b'[15]',b'15',0.0,0.0,0.0,542,460.8648858688582,,81.13511413114179,81.13511413114179
165,6,b'[15]',b'15',0.0,0.0,0.0,363,394.66259921560453,,31.66259921560453,31.66259921560453
166,6,b'[15]',b'15',0.0,0.0,0.0,570,545.8296112019423,,24.17038879805773,24.17038879805773
167,6,b'[15]',b'15',0.0,0.0,0.0,366,349.9848155633077,,16.015184436692323,16.015184436692323
168,6,b'[15]',b'15',0.0,0.0,0.0,12,756.2914528004602,,744.2914528004602,744.2914528004602
169,6,b'[15]',b'15',0.0,0.0,0.0,577,570.1305144980105,,6.869485501989516,6.869485501989516
170,6,b'[15]',b'3',0.0,0,0.0,423,518.3194356690051,,95.31943566900509,95.31943566900509
171,6,b'[15]',b'3',0.0,0,0.0,2367,675.5303949906651,,1691.4696050093348,1691.4696050093348
172,6,b'[15]',b'15',0.0,0.0,0.0,747,534.0722507193693,,212.92774928063068,212.92774928063068
173,6,b'[15]',b'15',0.0,0.0,0.0,762,326.70468326337226,,435.29531673662774,435.29531673662774
174,6,b'[15]',b'15',0.0,0.0,0.0,1316,606.8582868799031,,709.1417131200969,709.1417131200969
117,7,b'[13]',b'15',0.0,0,0.0,5,252.79249738884124,,247.79249738884124,247.79249738884124
118,7,b'[13]',b'14',0.0,0,0.0,11,432.1171620361956,,421.1171620361956,421.1171620361956
119,7,b'[13]',b'14',0.0,0,0.0,130,324.87793263890916,,194.87793263890916,194.87793263890916
120,7,b'[13]',b'14',0.0,0,0.0,5,232.9060811122841,,227.9060811122841,227.9060811122841
121,7,b'[13]',b'14',0.0,0,0.0,24,359.344779184219,,335.344779184219,335.344779184219
122,7,b'[13]',b'14',0.0,0,0.0,8,233.4607157421746,,225.4607157421746,225.4607157421746
123,7,b'[13]',b'14',0.0,0,0.0,9,241.90472854037657,,232.90472854037657,232.90472854037657
124,7,b'[13]',b'14',0.0,0,0.0,3,302.8556424200547,,299.8556424200547,299.8556424200547
125,7,b'[13]',b'14',0.0,0,0.0,8,274.7626567932045,,266.7626567932045,266.7626567932045
126,7,b'[13]',b'1',0.0,0,0.0,5,510.79596617002727,,505.79596617002727,505.79596617002727
127,7,b'[13]',b'14',0.0,0,0.0,9,135.12592594393575,,126.12592594393575,126.12592594393575
128,7,b'[13]',b'14',0.0,0,0.0,16,235.09756125670543,,219.09756125670543,219.09756125670543
129,7,b'[13]',b'14',0.0,0,0.0,9,575.209731462778,,566.209731462778,566.209731462778
130,7,b'[13]',b'14',0.0,0,0.0,8,192.33093049995267,,184.33093049995267,184.33093049995267
131,7,b'[13]',b'14',0.0,0,0.0,7,699.1050663924759,,692.1050663924759,692.1050663924759
132,7,b'[13]',b'14',0.0,0,0.0,10,339.04305408554853,,329.04305408554853,329.04305408554853
133,7,b'[13]',b'15',0.0,0,0.0,6164,182.19061823450255,,5981.809381765497,5981.809381765497
134,7,b'[13]',b'14',0.0,0,0.0,47,78.13887784088686,,31.138877840886863,31.138877840886863
135,7,b'[13]',b'14',0.0,0,0.0,9,478.20551864393406,,469.20551864393406,469.20551864393406
136,7,b'[13]',b'15',0.0,0,0.0,8,547.5138709334626,,539.5138709334626,539.5138709334626
137,7,b'[13]',b'14',0.0,0,0.0,7,184.9763276036303,,177.9763276036303,177.9763276036303
138,7,b'[13]',b'2',0.0,0,0.0,8378,3455.7720484646993,,4922.2279515353,4922.2279515353
139,7,b'[13]',b'1',0.0,0,0.0,5,725.0824718583843,,720.0824718583843,720.0824718583843
140,7,b'[13]',b'14',0.0,0,0.0,9,160.84218085344054,,151.84218085344054,151.84218085344054
141,7,b'[13]',b'14',0.0,0,0.0,7,290.90452907695607,,283.90452907695607,283.90452907695607
142,7,b'[13]',b'15',0.0,0,0.0,6,181.97737837903608,,175.97737837903608,175.97737837903608
143,7,b'[13]',b'14',0.0,0,0.0,8,591.4544379841628,,583.4544379841628,583.4544379841628
144,7,b'[13]',b'2',0.0,0,0.0,66582,3069.857558465162,,63512.14244153484,63512.14244153484
145,7,b'[13]',b'14',0.0,0,0.0,73,138.33991477830622,,65.33991477830622,65.33991477830622
146,7,b'[13]',b'14',0.0,0,0.0,7,252.17958795560878,,245.17958795560878,245.17958795560878
147,7,b'[13]',b'14',0.0,0,0.0,1859,433.72142579166945,,1425.2785742083306,1425.2785742083306
148,7,b'[13]',b'14',0.0,0,0.0,21,401.28315059549584,,380.28315059549584,380.28315059549584
149,7,b'[13]',b'14',0.0,0,0.0,21,453.86557929749085,,432.86557929749085,432.86557929749085
150,7,b'[13]',b'14',0.0,0,0.0,6,401.8337512933126,,395.8337512933126,395.8337512933126
151,7,b'[13]',b'15',0.0,0,0.0,4,171.71828232913813,,167.71828232913813,167.71828232913813
152,7,b'[13]',b'15',0.0,0,0.0,6,249.7985750642158,,243.7985750642158,243.7985750642158
153,7,b'[13]',b'14',0.0,0,0.0,10,527.5506858265179,,517.5506858265179,517.5506858265179
154,7,b'[13]',b'14',0.0,0,0.0,307,272.350675715584,,34.649324284416025,34.649324284416025
155,7,b'[13]',b'15',0.0,0,0.0,5,207.0999626082754,,202.0999626082754,202.0999626082754
156,7,b'[13]',b'14',0.0,0,0.0,375,133.50577470214083,,241.49422529785917,241.49422529785917
157,7,b'[13]',b'15',0.0,0,0.0,5,186.6070911898038,,181.6070911898038,181.6070911898038
158,7,b'[13]',b'14',0.0,0,0.0,7,290.03288944656424,,283.03288944656424,283.03288944656424
159,7,b'[13]',b'1',0.0,0,0.0,23,532.0359838690463,,509.0359838690463,509.0359838690463
160,7,b'[13]',b'14',0.0,0,0.0,783,291.52749231012615,,491.47250768987385,491.47250768987385
161,7,b'[13]',b'14',0.0,0,0.0,4,264.96975917004227,,260.96975917004227,260.96975917004227
162,7,b'[13]',b'14',0.0,0,0.0,5,256.5769462789299,,251.57694627892988,251.57694627892988
163,7,b'[13]',b'14',0.0,0,0.0,4,285.0806482513788,,281.0806482513788,281.0806482513788
164,7,b'[13]',b'14',0.0,0,0.0,7,370.8562559917751,,363.8562559917751,363.8562559917751
165,7,b'[13]',b'14',0.0,0,0.0,5,225.37398520471785,,220.37398520471785,220.37398520471785
166,7,b'[13]',b'15',0.0,0,0.0,8,226.37433829850826,,218.37433829850826,218.37433829850826
167,7,b'[13]',b'14',0.0,0,0.0,16,271.81372832632445,,255.81372832632445,255.81372832632445
168,7,b'[13]',b'14',0.0,0,0.0,257,269.13705924417417,,12.137059244174168,12.137059244174168
169,7,b'[13]',b'15',0.0,0,0.0,16,234.1544899983619,,218.1544899983619,218.1544899983619
170,7,b'[13]',b'15',0.0,0,0.0,851,249.27106086995946,,601.7289391300405,601.7289391300405
171,7,b'[13]',b'14',0.0,0,0.0,8,200.1750045080515,,192.1750045080515,192.1750045080515
172,7,b'[13]',b'15',0.0,0,0.0,60,225.30218121380554,,165.30218121380554,165.30218121380554
173,7,b'[13]',b'14',0.0,0,0.0,9,391.5262480585299,,382.5262480585299,382.5262480585299
174,7,b'[13]',b'15',0.0,0,0.0,79,169.2848903812802,,90.2848903812802,90.2848903812802
117,8,b'[14]',b'14',0.0,0.0,0.0,8,0.0,,8.0,8.0
118,8,b'[14]',b'15',0.0,0,0.0,932,67.53038121291087,,864.4696187870891,864.4696187870891
119,8,b'[14]',b'15',0.0,0,0.0,11,11.840397422798246,,0.8403974227982456,0.8403974227982456
120,8,b'[14]',b'14',0.0,0.0,0.0,2,0.0,,2.0,2.0
121,8,b'[14]',b'15',0.0,0,0.0,22,0.0,,22.0,22.0
122,8,b'[14]',b'14',0.0,0.0,0.0,45,0.0,,45.0,45.0
123,8,b'[14]',b'14',0.0,0.0,0.0,6,0.0,,6.0,6.0
124,8,b'[14]',b'15',0.0,0,0.0,54,0.0,,54.0,54.0
125,8,b'[14]',b'15',0.0,0,0.0,30,0.0,,30.0,30.0
126,8,b'[14]',b'15',0.0,0,0.0,66,314.16467789800316,,248.16467789800316,248.16467789800316
127,8,b'[14]',b'15',0.0,0,0.0,53,0.0,,53.0,53.0
128,8,b'[14]',b'14',0.0,0.0,0.0,133,0.0,,133.0,133.0
129,8,b'[14]',b'15',0.0,0,0.0,114,137.67208180837767,,23.67208180837767,23.67208180837767
130,8,b'[14]',b'14',0.0,0.0,0.0,64,0.0,,64.0,64.0
131,8,b'[14]',b'15',0.0,0,0.0,30,167.1879904288644,,137.1879904288644,137.1879904288644
132,8,b'[14]',b'15',0.0,0,0.0,44,0.0,,44.0,44.0
133,8,b'[14]',b'15',0.0,0,0.0,364,0.0,,364.0,364.0
134,8,b'[14]',b'15',0.0,0,0.0,94624,0.0,,94624.0,94624.0
135,8,b'[14]',b'15',0.0,0,0.0,258,34.713102583287416,,223.28689741671258,223.28689741671258
136,8,b'[14]',b'15',0.0,0,0.0,8,160.45734373360716,,152.45734373360716,152.45734373360716
137,8,b'[14]',b'15',0.0,0,0.0,41,0.0,,41.0,41.0
138,8,b'[14]',b'4',0.0,0,0.0,303,1563.4999409614013,,1260.4999409614013,1260.4999409614013
139,8,b'[14]',b'1',0.0,0,0.0,37,251.68794472656182,,214.68794472656182,214.68794472656182
140,8,b'[14]',b'14',0.0,0.0,0.0,86,0.0,,86.0,86.0
141,8,b'[14]',b'15',0.0,0,0.0,46,0.0,,46.0,46.0
142,8,b'[14]',b'14',0.0,0.0,0.0,5,0.0,,5.0,5.0
143,8,b'[14]',b'15',0.0,0,0.0,80,153.23660532163902,,73.23660532163902,73.23660532163902
144,8,b'[14]',b'15',0.0,0,0.0,30365,2810.9312501464947,,27554.068749853504,27554.068749853504
145,8,b'[14]',b'15',0.0,0,0.0,31,0.0,,31.0,31.0
146,8,b'[14]',b'15',0.0,0,0.0,63,0.0,,63.0,63.0
147,8,b'[14]',b'14',0.0,0.0,0.0,513,11.33249434446952,,501.6675056555305,501.6675056555305
148,8,b'[14]',b'15',0.0,0,0.0,27,12.159264238102864,,14.840735761897136,14.840735761897136
149,8,b'[14]',b'15',0.0,0,0.0,6,17.296942187692736,,11.296942187692736,11.296942187692736
150,8,b'[14]',b'14',0.0,0.0,0.0,21,9.667038942461984,,11.332961057538016,11.332961057538016
151,8,b'[14]',b'14',0.0,0.0,0.0,3,0.0,,3.0,3.0
152,8,b'[14]',b'14',0.0,0.0,0.0,7,0.0,,7.0,7.0
153,8,b'[14]',b'14',0.0,0.0,0.0,30,81.13615143215814,,51.136151432158144,51.136151432158144
154,8,b'[14]',b'15',0.0,0,0.0,98,0.0,,98.0,98.0
155,8,b'[14]',b'14',0.0,0.0,0.0,63,0.0,,63.0,63.0
156,8,b'[14]',b'14',0.0,0.0,0.0,11,0.0,,11.0,11.0
157,8,b'[14]',b'14',0.0,0.0,0.0,78,0.0,,78.0,78.0
158,8,b'[14]',b'14',0.0,0.0,0.0,2,0.0,,2.0,2.0
159,8,b'[14]',b'15',0.0,0,0.0,28,127.14755302802858,,99.14755302802858,99.14755302802858
160,8,b'[14]',b'14',0.0,0.0,0.0,12,0.0,,12.0,12.0
161,8,b'[14]',b'15',0.0,0,0.0,3,0.0,,3.0,3.0
162,8,b'[14]',b'15',0.0,0,0.0,106,0.0,,106.0,106.0
163,8,b'[14]',b'15',0.0,0,0.0,3,0.0,,3.0,3.0
164,8,b'[14]',b'15',0.0,0,0.0,16,0.0,,16.0,16.0
165,8,b'[14]',b'15',0.0,0,0.0,85,0.0,,85.0,85.0
166,8,b'[14]',b'14',0.0,0.0,0.0,275,0.0,,275.0,275.0
167,8,b'[14]',b'15',0.0,0,0.0,9,0.0,,9.0,9.0
168,8,b'[14]',b'14',0.0,0.0,0.0,29,0.0,,29.0,29.0
169,8,b'[14]',b'14',0.0,0.0,0.0,18,0.0,,18.0,18.0
170,8,b'[14]',b'14',0.0,0.0,0.0,685,23.432552871828786,,661.5674471281712,661.5674471281712
171,8,b'[14]',b'14',0.0,0.0,0.0,262,35.24564367751258,,226.7543563224874,226.7543563224874
172,8,b'[14]',b'14',0.0,0.0,0.0,44,0.0,,44.0,44.0
173,8,b'[14]',b'15',0.0,0,0.0,14,14.336718711006291,,0.33671871100629147,0.33671871100629147
174,8,b'[14]',b'14',0.0,0.0,0.0,104,0.0,,104.0,104.0
117,9,b'[13]',b'15',0.0,0,0.0,60,0.0,,60.0,60.0
118,9,b'[13]',b'15',0.0,0,0.0,285,0.0,,285.0,285.0
119,9,b'[13]',b'15',0.0,0,0.0,69,0.0,,69.0,69.0
120,9,b'[13]',b'15',0.0,0,0.0,112,0.0,,112.0,112.0
121,9,b'[13]',b'15',0.0,0,0.0,7,0.0,,7.0,7.0
122,9,b'[13]',b'15',0.0,0,0.0,3,0.0,,3.0,3.0
123,9,b'[13]',b'15',0.0,0,0.0,99,0.0,,99.0,99.0
124,9,b'[13]',b'15',0.0,0,0.0,46,0.0,,46.0,46.0
125,9,b'[13]',b'15',0.0,0,0.0,7,0.0,,7.0,7.0
126,9,b'[13]',b'15',0.0,0,0.0,5,139.77785641135566,,134.77785641135566,134.77785641135566
127,9,b'[13]',b'15',0.0,0,0.0,26,0.0,,26.0,26.0
128,9,b'[13]',b'15',0.0,0,0.0,16,0.0,,16.0,16.0
129,9,b'[13]',b'15',0.0,0,0.0,8,0.0,,8.0,8.0
130,9,b'[13]',b'15',0.0,0,0.0,9,0.0,,9.0,9.0
131,9,b'[13]',b'15',0.0,0,0.0,5,0.0,,5.0,5.0
132,9,b'[13]',b'15',0.0,0,0.0,46,0.0,,46.0,46.0
133,9,b'[13]',b'14',0.0,0,0.0,127,31.616097779054964,,95.38390222094503,95.38390222094503
134,9,b'[13]',b'15',0.0,0,0.0,1552,1978.446950398006,,426.44695039800604,426.44695039800604
135,9,b'[13]',b'15',0.0,0,0.0,8,0.0,,8.0,8.0
136,9,b'[13]',b'15',0.0,0,0.0,103,1.0501876700242778,,101.94981232997573,101.94981232997573
137,9,b'[13]',b'15',0.0,0,0.0,3,0.0,,3.0,3.0
138,9,b'[13]',b'5',0.0,0,0.0,5786,972.7668941530075,,4813.233105846993,4813.233105846993
139,9,b'[13]',b'15',0.0,0,0.0,30,246.4664230503319,,216.4664230503319,216.4664230503319
140,9,b'[13]',b'15',0.0,0,0.0,460,0.0,,460.0,460.0
141,9,b'[13]',b'15',0.0,0,0.0,5,0.0,,5.0,5.0
142,9,b'[13]',b'15',0.0,0,0.0,112,0.0,,112.0,112.0
143,9,b'[13]',b'15',0.0,0,0.0,10,0.0,,10.0,10.0
144,9,b'[13]',b'15',0.0,0,0.0,778,3374.60288085003,,2596.60288085003,2596.60288085003
145,9,b'[13]',b'15',0.0,0,0.0,5,0.0,,5.0,5.0
146,9,b'[13]',b'15',0.0,0,0.0,5,0.0,,5.0,5.0
147,9,b'[13]',b'15',0.0,0,0.0,264,0.0,,264.0,264.0
148,9,b'[13]',b'15',0.0,0,0.0,26,0.0,,26.0,26.0
149,9,b'[13]',b'15',0.0,0,0.0,104,0.0,,104.0,104.0
150,9,b'[13]',b'15',0.0,0,0.0,5,0.0,,5.0,5.0
151,9,b'[13]',b'15',0.0,0,0.0,40,0.0,,40.0,40.0
152,9,b'[13]',b'15',0.0,0,0.0,37,0.0,,37.0,37.0
153,9,b'[13]',b'15',0.0,0,0.0,76,0.0,,76.0,76.0
154,9,b'[13]',b'15',0.0,0,0.0,4,0.0,,4.0,4.0
155,9,b'[13]',b'15',0.0,0,0.0,8,0.0,,8.0,8.0
156,9,b'[13]',b'15',0.0,0,0.0,135,0.0,,135.0,135.0
157,9,b'[13]',b'15',0.0,0,0.0,11854,0.0,,11854.0,11854.0
158,9,b'[13]',b'15',0.0,0,0.0,20,0.0,,20.0,20.0
159,9,b'[13]',b'15',0.0,0,0.0,4,50.838963259731,,46.838963259731,46.838963259731
160,9,b'[13]',b'15',0.0,0,0.0,19,0.0,,19.0,19.0
161,9,b'[13]',b'15',0.0,0,0.0,412,0.0,,412.0,412.0
162,9,b'[13]',b'15',0.0,0,0.0,9,0.0,,9.0,9.0
163,9,b'[13]',b'15',0.0,0,0.0,16,0.0,,16.0,16.0
164,9,b'[13]',b'15',0.0,0,0.0,7,0.0,,7.0,7.0
165,9,b'[13]',b'15',0.0,0,0.0,8,0.0,,8.0,8.0
166,9,b'[13]',b'15',0.0,0,0.0,15,0.0,,15.0,15.0
167,9,b'[13]',b'15',0.0,0,0.0,34,0.0,,34.0,34.0
168,9,b'[13]',b'15',0.0,0,0.0,91,0.0,,91.0,91.0
169,9,b'[13]',b'15',0.0,0,0.0,64,0.0,,64.0,64.0
170,9,b'[13]',b'15',0.0,0,0.0,16,0.0,,16.0,16.0
171,9,b'[13]',b'15',0.0,0,0.0,330,0.0,,330.0,330.0
172,9,b'[13]',b'15',0.0,0,0.0,5,0.0,,5.0,5.0
173,9,b'[13]',b'15',0.0,0,0.0,86,0.0,,86.0,86.0
174,9,b'[13]',b'15',0.0,0,0.0,62,0.0,,62.0,62.0
